武汉,48914
荆州,211
孝感,211
深圳,137
北京,130
上海,123
黄冈,107
襄阳,103
江汉,100
广州,95
咸宁,90
黄石,88
荆门,88
仙桃,75
宜昌,70
随州,54
南昌,54
杭州,51
十堰,48
鄂州,46
东莞,46
重庆,44
长沙,43
苏州,39
温州,36
恩施,32
成都,32
,32
宁波,29
西安,28
郑州,26
三明,25
南阳,25
南京,24
福州,22
安康,22
济南,22
台州,22
天津,21
海口,19
绍兴,17
佛山,16
南宁,14
合肥,14
嘉兴,14
无锡,13
常德,12
西宁,11
泉州,11
常州,9
九江,9
昆明,9
厦门,9
徐州,8
岳阳,8
金华,8
中山,8
信阳,7
马鞍山,7
韶关,7
安阳,7
阜阳,6
青岛,6
菏泽,6
驻马店,6
贵阳,6
邯郸,6
上饶,6
鹰潭,6
葫芦岛,6
宁德,6
丽水,6
廊坊,5
珠海,5
衡阳,5
遵义,5
南通,5
株洲,5
抚州,5
呼和浩特,5
益阳,5
酒泉,5
周口,5
惠州,5
南平,4
临汾,4
长春,4
哈尔滨,4
沈阳,4
咸阳,4
天水,4
新余,4
邵阳,4
安顺,4
芜湖,4
万州,4
江门,4
大连,4
梅州,4
泰州,4
桂林,4
吉林,4
滨州,3
烟台,3
滁州,3
怀化,3
清远,3
张掖,3
沧州,3
伊犁,3
宜春,3
保定,3
聊城,3
黔南,3
宝鸡,3
永州,3
云浮,3
长治,3
鞍山,3
佳木斯,3
钦州,3
四平,3
潮州,3
濮阳,3
淮北,3
淮安,3
漳州,3
潍坊,3
安庆,3
商丘,3
湖州,3
柳州,3
六安,2
湘潭,2
包头,2
曲靖,2
连云港,2
衡水,2
娄底,2
萍乡,2
辽阳,2
铜陵,2
眉山,2
宜宾,2
汉中,2
汕头,2
赣州,2
宿州,2
榆林,2
焦作,2
郴州,2
蚌埠,2
吉安,2
洛阳,2
开封,2
达州,2
漯河,2
唐山,2
文山,2
海东,2
舟山,2
镇江,2
衢州,2
平顶山,2
德宏,2
鄂尔多斯,2
大理,2
大庆,2
乌鲁木齐,2
石家庄,2
巴中,2
新乡,2
雅安,2
吉首,2
南充,2
湛江,2
宣城,2
乐山,2
保山,1
定西,1
铜川,1
自贡,1
阿克苏,1
张家口,1
许昌,1
德州,1
抚顺,1
池州,1
红河,1
盐城,1
拉萨,1
莆田,1
晋城,1
白银,1
思茅,1
德阳,1
朔州,1
晋中,1
楚雄,1
东营,1
兰州,1
北海,1
铜仁,1
三门峡,1
丽江,1
广元,1
大同,1
张家界,1
临沂,1
绵阳,1
齐齐哈尔,1
日照,1
遂宁,1
西双版纳,1
平凉,1
黔东南,1
乌海,1
威海,1
兴义,1
广安,1
太原,1
宿迁,1
梧州,1
凉山,1
吐鲁番,1
贵港,1
泰安,1
锦州,1
锡林郭勒盟,1
石河子,1
泸州,1
龙岩,1
汕尾,1
黄山,1
运城,1
